cardname,cardq,cardid,cardrarity,cardcondition,card_edition,cardset,cardcode
"A Hero Lives",1,8949584,"Ultra Rare","M","Unlimited","Generation Force","GENF-EN098"
"Absorbing Jar",1,3900605,"Rare","M","Unlimited","Galactic Overlord","GAOV-EN037"
"Abyss Warrior",2,88409165,"Common","M","Unlimited","Abyss Rising","ABYR-EN028"
"Abyss Warrior",1,88409165,"Common","M","1st Edition","Abyss Rising","ABYR-EN028"
"Abyss-scale of Cetus",1,19596712,"Common","M","Unlimited","Cosmo Blazer","CBLZ-EN061"
"Abyss-scale of Cetus",2,19596712,"Common","M","1st Edition","Cosmo Blazer","CBLZ-EN061"
"Abyss-scale of the Kraken",1,8719957,"Common","M","1st Edition","Abyss Rising","ABYR-EN056"
"Abyss-scale of the Kraken",1,8719957,"Common","M","Unlimited","Abyss Rising","ABYR-EN056"
"Abyss-scale of the Mizuchi",3,72932673,"Common","M","Unlimited","Lord of the Tachyon Galaxy","LTGY-EN064"
"Abyss-scorn",3,79206750,"Common","M","1st Edition","Cosmo Blazer","CBLZ-EN075"
"Abyss-sphere",1,60202749,"Ultra Rare","M","Unlimited","Abyss Rising","ABYR-EN072"
"Abyss-strom",1,97697447,"Rare","M","1st Edition","Abyss Rising","ABYR-EN073"
"Achacha Archer",3,98865920,"Common","M","Unlimited","Generation Force","GENF-EN003"
"Achacha Chanbara",6,62476197,"Common","M","Unlimited","Abyss Rising","ABYR-EN003"
"Achacha Chanbara",2,62476197,"Common","M","1st Edition","Abyss Rising","ABYR-EN003"
"Acorno",1,21051977,"Common","M","Unlimited","Photon Shockwave","PHSW-EN006"
"Advanced Dark",1,12644061,"Secret Rare","M","Unlimited","Return of the Duelist","REDU-EN094"
"Aerial Recharge",2,70875955,"Common","M","Unlimited","Lord of the Tachyon Galaxy","LTGY-EN073"
"After the Storm",1,82263578,"Common","M","Unlimited","Cosmo Blazer","CBLZ-EN066"
"After the Storm",1,82263578,"Common","M","1st Edition","Cosmo Blazer","CBLZ-EN066"
"Air Armor Ninja",3,69023354,"Common","M","Unlimited","Order of Chaos","ORCS-EN014"
"Airorca",2,84747429,"Rare","M","Unlimited","Generation Force","GENF-EN021"
"Amarylease",3,18988391,"Common","M","Unlimited","Cosmo Blazer","CBLZ-EN004"
"Amarylease",1,18988391,"Common","M","1st Edition","Cosmo Blazer","CBLZ-EN004"
"Amores of Prophecy",3,40213117,"Common","M","Unlimited","Return of the Duelist","REDU-EN016"
"Ancient Dragon",1,38520918,"Rare","M","Unlimited","Galactic Overlord","GAOV-EN081"
"Ape Magician",5,31975743,"Common","M","Unlimited","Abyss Rising","ABYR-EN092"
"Aqua Armor Ninja",2,96427353,"Common","M","1st Edition","Order of Chaos","ORCS-EN015"
"Aqua Jet",2,7653207,"Common","M","Unlimited","Generation Force","GENF-EN048"
"Aquamirror Cycle",2,78910579,"Common","M","Unlimited","Galactic Overlord","GAOV-EN079"
"Armor Blast",1,79155167,"Super Rare","M","Unlimited","Order of Chaos","ORCS-EN053"
"Armor Ninjitsu Art of Freezing",3,65150219,"Common","M","Unlimited","Order of Chaos","ORCS-EN068"
"Asleep at the Switch",3,99657399,"Common","M","Unlimited","Generation Force","GENF-EN063"
"Atlantean Attack Squad",2,8078366,"Common","M","Unlimited","Return of the Duelist","REDU-EN036"
"Attack the Moon!",1,83715234,"Super Rare","M","1st Edition","Abyss Rising","ABYR-EN089"
"Attention!",2,85352446,"Rare","M","Unlimited","Generation Force","GENF-EN078"
"Attraffic Control",3,46083380,"Common","M","1st Edition","Photon Shockwave","PHSW-EN045"
"Aurora Wing",2,70089580,"Common","M","Unlimited","Lord of the Tachyon Galaxy","LTGY-EN013"
"Baby Tiragon",1,12533811,"Rare","M","Unlimited","Photon Shockwave","PHSW-EN038"
"Bachibachibachi",1,83272895,"Common","M","Unlimited","Lord of the Tachyon Galaxy","LTGY-EN001"
"Bacon Saver",2,82593786,"Common","M","Unlimited","Cosmo Blazer","CBLZ-EN003"
"Battle Break",3,22047978,"Common","M","Unlimited","Abyss Rising","ABYR-EN066"
"Battlin' Boxer Counterpunch",1,4549095,"Common","M","Unlimited","Lord of the Tachyon Galaxy","LTGY-EN020"
"Battlin' Boxer Glassjaw",6,5361647,"Common","M","Unlimited","Lord of the Tachyon Galaxy","LTGY-EN017"
"Battlin' Boxer Headgeared",4,79867938,"Common","M","Unlimited","Lord of the Tachyon Galaxy","LTGY-EN016"
"Battlin' Boxer Lead Yoke",1,23232295,"Rare","M","Unlimited","Lord of the Tachyon Galaxy","LTGY-EN050"
"Battlin' Boxer Sparrer",1,32750341,"Common","M","1st Edition","Lord of the Tachyon Galaxy","LTGY-EN018"
"Battlin' Boxer Sparrer",4,32750341,"Common","M","Unlimited","Lord of the Tachyon Galaxy","LTGY-EN018"
"Battlin' Boxer Switchitter",4,68144350,"Common","M","Unlimited","Lord of the Tachyon Galaxy","LTGY-EN019"
"Berserk Scales",3,52497105,"Common","M","Unlimited","Galactic Overlord","GAOV-EN054"
"Blackwing - Damascus the Polar Night",2,58131925,"Rare","M","Unlimited","Cosmo Blazer","CBLZ-EN096"
"Blackwing - Gladius the Midnight Sun",2,28190303,"Rare","M","Unlimited","Cosmo Blazer","CBLZ-EN095"
"Blade Armor Ninja",2,82944432,"Super Rare","M","Unlimited","Order of Chaos","ORCS-EN041"
"Blade Bounzer",3,70194827,"Common","M","Unlimited","Galactic Overlord","GAOV-EN010"
"Blaster, Dragon Ruler of Infernos",1,53804307,"Rare","M","Unlimited","Lord of the Tachyon Galaxy","LTGY-EN040"
"Blizzard Falcon",1,43694481,"Common","M","1st Edition","Lord of the Tachyon Galaxy","LTGY-EN012"
"Blizzard Falcon",5,43694481,"Common","M","Unlimited","Lord of the Tachyon Galaxy","LTGY-EN012"
"Block Golem",3,72580321,"Common","M","1st Edition","Return of the Duelist","REDU-EN035"
"Bounzer Guard",3,48582558,"Common","M","Unlimited","Galactic Overlord","GAOV-EN069"
"Bright Future",1,24707869,"Rare","M","Unlimited","Generation Force","GENF-EN070"
"Bright Star Dragon",1,16719802,"Common","M","1st Edition","Galactic Overlord","GAOV-EN094"
"Brotherhood of the Fire Fist - Buffalo",2,92572371,"Rare","M","Unlimited","Lord of the Tachyon Galaxy","LTGY-EN029"
"Brotherhood of the Fire Fist - Dragon",1,43748308,"Super Rare","M","Unlimited","Cosmo Blazer","CBLZ-EN025"
"Brotherhood of the Fire Fist - Gorilla",1,70355994,"Rare","M","Unlimited","Cosmo Blazer","CBLZ-EN023"
"Brotherhood of the Fire Fist - Hawk",3,17475251,"Common","M","1st Edition","Cosmo Blazer","CBLZ-EN021"
"Brotherhood of the Fire Fist - Hawk",3,17475251,"Common","M","Unlimited","Cosmo Blazer","CBLZ-EN021"
"Brotherhood of the Fire Fist - Leopard",6,39699564,"Common","M","Unlimited","Lord of the Tachyon Galaxy","LTGY-EN027"
"Brotherhood of the Fire Fist - Raven",2,44860890,"Common","M","1st Edition","Cosmo Blazer","CBLZ-EN022"
"Brotherhood of the Fire Fist - Rhino",2,66084673,"Rare","M","Unlimited","Lord of the Tachyon Galaxy","LTGY-EN028"
"Brotherhood of the Fire Fist - Wolf",4,93294869,"Common","M","Unlimited","Lord of the Tachyon Galaxy","LTGY-EN026"
"Brushfire Knight",1,36569343,"Rare","M","1st Edition","Cosmo Blazer","CBLZ-EN037"
"Brushfire Knight",1,36569343,"Rare","M","Unlimited","Cosmo Blazer","CBLZ-EN037"
"Bubble Bringer",1,58531587,"Super Rare","M","1st Edition","Abyss Rising","ABYR-EN067"
"Bull Blader",5,36088082,"Common","M","Unlimited","Abyss Rising","ABYR-EN002"
"Bull Blader",1,36088082,"Common","M","1st Edition","Abyss Rising","ABYR-EN002"
"Bunilla",3,69380702,"Common","M","Unlimited","Photon Shockwave","PHSW-EN001"
"Burgeoning Whirlflame",2,86690572,"Common","M","Unlimited","Generation Force","GENF-EN072"
"Burner, Dragon Ruler of Sparks",4,53797637,"Common","M","Unlimited","Lord of the Tachyon Galaxy","LTGY-EN097"
"Buten",3,83991690,"Common","M","Unlimited","Galactic Overlord","GAOV-EN095"
"Butterflyoke",3,75987257,"Common","M","Unlimited","Galactic Overlord","GAOV-EN070"
"Cameraclops",3,5244497,"Common","M","Unlimited","Galactic Overlord","GAOV-EN017"
"Cash Back",4,59957503,"Common","M","Unlimited","Abyss Rising","ABYR-EN078"
"Catapult Zone",2,14289852,"Common","M","Unlimited","Return of the Duelist","REDU-EN064"
"Champion's Vigilance",3,82382815,"Common","M","Unlimited","Photon Shockwave","PHSW-EN074"
"Charioteer of Prophecy",3,49191560,"Common","M","1st Edition","Return of the Duelist","REDU-EN019"
"Chewbone",3,7392745,"Common","M","Unlimited","Return of the Duelist","REDU-EN090"
"Chow Len the Prophet",3,95905259,"Common","M","Unlimited","Order of Chaos","ORCS-EN032"
"Chronomaly Crystal Skull",3,51435705,"Rare","M","1st Edition","Return of the Duelist","REDU-EN013"
"Chronomaly Golden Jet",3,88552992,"Common","M","Unlimited","Return of the Duelist","REDU-EN011"
"Chronomaly Mayan Machine",3,25163248,"Common","M","Unlimited","Return of the Duelist","REDU-EN009"
"Chronomaly Moai",1,87430304,"Common","M","Unlimited","Return of the Duelist","REDU-EN014"
"Chronomaly Pyramid Eye Tablet",3,26345570,"Common","M","Unlimited","Return of the Duelist","REDU-EN055"
"Chronomaly Technology",2,90951921,"Common","M","Unlimited","Return of the Duelist","REDU-EN054"
"Cold Feet",3,40383551,"Common","M","Unlimited","Return of the Duelist","REDU-EN065"
"Commander of Swords",1,12197543,"Common","M","1st Edition","Galactic Overlord","GAOV-EN068"
"Compulsory Escape Device",3,48216773,"Common","M","Unlimited","Return of the Duelist","REDU-EN074"
"Constellar Belt",3,86825483,"Common","M","Unlimited","Galactic Overlord","GAOV-EN064"
"Constellar Omega",1,26329679,"Ultra Rare","M","Unlimited","Lord of the Tachyon Galaxy","LTGY-EN091"
"Counterforce",3,30488793,"Common","M","Unlimited","Order of Chaos","ORCS-EN064"
"Cracking",3,32835363,"Common","M","Unlimited","Generation Force","GENF-EN052"
"Crashbug Road",3,69042950,"Common","M","Unlimited","Generation Force","GENF-EN050"
"Crashbug X",3,87526784,"Common","M","Unlimited","Generation Force","GENF-EN009"
"Crashbug Y",3,23915499,"Common","M","Unlimited","Generation Force","GENF-EN010"
"Creepy Coney",2,49144107,"Common","M","1st Edition","Photon Shockwave","PHSW-EN036"
"Crimson Blader",2,80321197,"Rare","M","1st Edition","Cosmo Blazer","CBLZ-EN093"
"Crimson Sunbird",4,46696593,"Common","M","Unlimited","Cosmo Blazer","CBLZ-EN090"
"Crimson Sunbird",1,46696593,"Common","M","1st Edition","Cosmo Blazer","CBLZ-EN090"
"Cross Attack",3,46961802,"Common","M","Unlimited","Photon Shockwave","PHSW-EN048"
"Curse of the Circle",1,12863633,"Rare","M","Unlimited","Generation Force","GENF-EN076"
"D.D. Telepon",2,51701885,"Rare","M","1st Edition","Photon Shockwave","PHSW-EN027"
"Damage Diet",3,95448692,"Common","M","Unlimited","Photon Shockwave","PHSW-EN065"
"Damage Mage",3,50613779,"Common","M","Unlimited","Return of the Duelist","REDU-EN002"
"Damage Vaccine Omega MAX",1,98535702,"Common","M","Unlimited","Generation Force","GENF-EN066"
"Danipon",3,48588176,"Common","M","Unlimited","Order of Chaos","ORCS-EN091"
"Dark Blade the Captain of the Evil World",3,57784563,"Rare","M","Unlimited","Order of Chaos","ORCS-EN034"
"Dark Mambele",3,41722932,"Common","M","Unlimited","Order of Chaos","ORCS-EN058"
"Darklon",2,76202610,"Common","M","Unlimited","Order of Chaos","ORCS-EN002"
"Daybreaker",1,29116732,"Rare","M","Unlimited","Photon Shockwave","PHSW-EN012"
"Deep Sweeper",2,8649148,"Common","M","Unlimited","Abyss Rising","ABYR-EN007"
"Deep Sweeper",1,8649148,"Common","M","1st Edition","Abyss Rising","ABYR-EN007"
"Degen-Force",3,37421075,"Common","M","Unlimited","Order of Chaos","ORCS-EN073"
"Dice-nied",1,31863912,"Common","M","Unlimited","Cosmo Blazer","CBLZ-EN080"
"Dicephoon",3,3493058,"Common","M","Unlimited","Order of Chaos","ORCS-EN063"
"Different Dimension Deepsea Trench",2,62437430,"Common","M","Unlimited","Abyss Rising","ABYR-EN052"
"Different Dimension Deepsea Trench",3,62437430,"Common","M","1st Edition","Abyss Rising","ABYR-EN052"
"Dimension Gate",3,44046281,"Common","M","1st Edition","Cosmo Blazer","CBLZ-EN068"
"Dimension Gate",2,44046281,"Common","M","Unlimited","Cosmo Blazer","CBLZ-EN068"
"Dimension Slice",1,73632127,"Rare","M","Unlimited","Galactic Overlord","GAOV-EN076"
"Divine Dragon Apocralyph",3,20277376,"Common","M","Unlimited","Order of Chaos","ORCS-EN036"
"Do a Barrel Roll",2,6260554,"Rare","M","Unlimited","Lord of the Tachyon Galaxy","LTGY-EN074"
"Dododo Bot",1,19700943,"Common","M","1st Edition","Cosmo Blazer","CBLZ-EN001"
"Doom Donuts",3,10389794,"Common","M","Unlimited","Galactic Overlord","GAOV-EN096"
"Dotedotengu",6,82050203,"Common","M","Unlimited","Lord of the Tachyon Galaxy","LTGY-EN004"
"Dotedotengu",1,82050203,"Common","M","1st Edition","Lord of the Tachyon Galaxy","LTGY-EN004"
"Double Defender",3,44883600,"Common","M","Unlimited","Order of Chaos","ORCS-EN049"
"Double or Nothing!",3,94770493,"Common","M","Unlimited","Generation Force","GENF-EN046"
"Double Payback",3,5914184,"Common","M","Unlimited","Galactic Overlord","GAOV-EN080"
"Double Shark",4,17643265,"Common","M","1st Edition","Cosmo Blazer","CBLZ-EN010"
"Double Shark",3,17643265,"Common","M","Unlimited","Cosmo Blazer","CBLZ-EN010"
"Dragoncarnation",3,5325424,"Common","M","Unlimited","Lord of the Tachyon Galaxy","LTGY-EN080"
"Drill Barnacle",3,24137081,"Common","M","Unlimited","Generation Force","GENF-EN007"
"Dust Knight",1,35195612,"Rare","M","Unlimited","Return of the Duelist","REDU-EN034"
"Eagle Shark",1,7500772,"Common","M","Unlimited","Lord of the Tachyon Galaxy","LTGY-EN011"
"Earth Armor Ninja",3,22812068,"Common","M","1st Edition","Order of Chaos","ORCS-EN016"
"Eco, Mystical Spirit of the Forest",1,4192696,"Rare","M","Unlimited","Return of the Duelist","REDU-EN091"
"Ego Boost",3,73178098,"Common","M","Unlimited","Photon Shockwave","PHSW-EN046"
"Eisbahn",2,54059040,"Rare","M","Unlimited","Photon Shockwave","PHSW-EN079"
"Electromagnetic Bagworm",2,7914843,"Common","M","Unlimited","Abyss Rising","ABYR-EN090"
"Elemental HERO Flash",3,69572169,"Common","M","Unlimited","Generation Force","GENF-EN090"
"Emperor of Prophecy",1,53136004,"Rare","M","Unlimited","Abyss Rising","ABYR-EN024"
"Evo-Branch",3,64815084,"Common","M","Unlimited","Order of Chaos","ORCS-EN074"
"Evo-Diversity",1,88760522,"Rare","M","Unlimited","Galactic Overlord","GAOV-EN058"
"Evo-Instant",1,24362891,"Rare","M","Unlimited","Order of Chaos","ORCS-EN088"
"Evo-Karma",3,8632967,"Common","M","1st Edition","Photon Shockwave","PHSW-EN053"
"Evo-Miracle",3,34026662,"Common","M","Unlimited","Photon Shockwave","PHSW-EN054"
"Evo-Price",2,14154221,"Rare","M","Unlimited","Galactic Overlord","GAOV-EN059"
"Evolsaur Darwino",1,39672388,"Common","M","Unlimited","Galactic Overlord","GAOV-EN027"
"Evolsaur Diplo",2,17045014,"Rare","M","Unlimited","Photon Shockwave","PHSW-EN021"
"Evolsaur Elias",3,23234094,"Common","M","Unlimited","Order of Chaos","ORCS-EN027"
"Evolsaur Pelta",2,16480084,"Rare","M","Unlimited","Photon Shockwave","PHSW-EN082"
"Evolsaur Terias",3,69633792,"Common","M","Unlimited","Order of Chaos","ORCS-EN028"
"Evolsaur Vulcano",1,54266211,"Rare","M","Unlimited","Photon Shockwave","PHSW-EN019"
"Evoltile Gephyro",3,55488859,"Common","M","1st Edition","Photon Shockwave","PHSW-EN016"
"Evoltile Lagosucho",1,3283679,"Common","M","1st Edition","Galactic Overlord","GAOV-EN026"
"Evoltile Odonto",3,28877602,"Common","M","Unlimited","Photon Shockwave","PHSW-EN018"
"Evoltile Pleuro",3,20855340,"Common","M","1st Edition","Order of Chaos","ORCS-EN025"
"Evolutionary Bridge",3,93504463,"Common","M","Unlimited","Photon Shockwave","PHSW-EN071"
"Explosive Urchin",3,52140003,"Common","M","Unlimited","Generation Force","GENF-EN065"
"Extra Gate",1,7405310,"Super Rare","M","Unlimited","Photon Shockwave","PHSW-EN056"
"Fairy Cheer Girl",1,51960178,"Rare","M","1st Edition","Lord of the Tachyon Galaxy","LTGY-EN046"
"Fairy King Albverdich",1,28290705,"Rare","M","1st Edition","Return of the Duelist","REDU-EN049"
"Falling Current",3,26099457,"Common","M","Unlimited","Galactic Overlord","GAOV-EN053"
"Familiar-Possessed - Dharc",3,21390858,"Common","M","Unlimited","Order of Chaos","ORCS-EN033"
"Fiery Fervor",3,68054593,"Common","M","Unlimited","Photon Shockwave","PHSW-EN064"
"Final Gesture",2,23269426,"Common","M","Unlimited","Abyss Rising","ABYR-EN063"
"Final Inzektion",1,51549976,"Rare","M","Unlimited","Galactic Overlord","GAOV-EN060"
"Fire Formation - Gyokkou",3,19059929,"Super Rare","M","Unlimited","Lord of the Tachyon Galaxy","LTGY-EN062"
"Fire Formation - Kaiyo",6,33665663,"Common","M","Unlimited","Lord of the Tachyon Galaxy","LTGY-EN075"
"Fire Formation - Tenken",3,70329348,"Common","M","1st Edition","Cosmo Blazer","CBLZ-EN072"
"Fire Formation - Tenken",5,70329348,"Common","M","Unlimited","Cosmo Blazer","CBLZ-EN072"
"Fire Formation - Tenki",4,57103969,"Common","M","Unlimited","Cosmo Blazer","CBLZ-EN059"
"Fire Formation - Tenki",1,57103969,"Common","M","1st Edition","Cosmo Blazer","CBLZ-EN059"
"Fire Formation - Tensen",1,44920699,"Common","M","1st Edition","Cosmo Blazer","CBLZ-EN071"
"Fire Formation - Tensen",1,44920699,"Common","M","Unlimited","Cosmo Blazer","CBLZ-EN071"
"Fire Formation - Tensu",3,10719350,"Common","M","Unlimited","Cosmo Blazer","CBLZ-EN058"
"Fire Formation - Tensu",2,10719350,"Common","M","1st Edition","Cosmo Blazer","CBLZ-EN058"
"Fire King Avatar Garunix",6,54149433,"Common","M","Unlimited","Lord of the Tachyon Galaxy","LTGY-EN034"
"Fish and Kicks",2,32703716,"Common","M","Unlimited","Generation Force","GENF-EN055"
"Fish Rain",3,94626050,"Common","M","Unlimited","Photon Shockwave","PHSW-EN068"
"Fishborg Launcher",2,66853752,"Common","M","Unlimited","Abyss Rising","ABYR-EN096"
"Fishborg Planter",2,51282878,"Common","M","Unlimited","Abyss Rising","ABYR-EN030"
"Fishborg Planter",3,51282878,"Common","M","1st Edition","Abyss Rising","ABYR-EN030"
"Five Brothers Explosion",4,70946699,"Common","M","Unlimited","Lord of the Tachyon Galaxy","LTGY-EN089"
"Flame Armor Ninja",1,33034646,"Common","M","Unlimited","Order of Chaos","ORCS-EN013"
"Flame Tiger",3,66499018,"Common","M","Unlimited","Galactic Overlord","GAOV-EN039"
"Flyfang",3,11954712,"Common","M","Unlimited","Generation Force","GENF-EN019"
"Friller Rabca",2,93830681,"Super Rare","M","1st Edition","Photon Shockwave","PHSW-EN008"
"Full-Force Strike",2,81000306,"Common","M","Unlimited","Order of Chaos","ORCS-EN047"
"Future Glow",2,64107820,"Common","M","Unlimited","Generation Force","GENF-EN056"
"Gagaga Caesar",1,9583383,"Rare","M","Unlimited","Abyss Rising","ABYR-EN001"
"Gagaga Clerk",1,44250812,"Super Rare","M","1st Edition","Cosmo Blazer","CBLZ-EN008"
"Gagaga Gardna",1,12423762,"Rare","M","1st Edition","Galactic Overlord","GAOV-EN005"
"Gagagabolt",2,17494901,"Rare","M","Unlimited","Order of Chaos","ORCS-EN048"
"Gagagaguard",1,76972801,"Rare","M","Unlimited","Order of Chaos","ORCS-EN065"
"Gagagarush",1,13166204,"Common","M","Unlimited","Return of the Duelist","REDU-EN067"
"Gagagawind",4,57782164,"Common","M","Unlimited","Lord of the Tachyon Galaxy","LTGY-EN057"
"Galaxy Queen's Light",3,52340274,"Common","M","1st Edition","Return of the Duelist","REDU-EN056"
"Galaxy Storm",3,80887714,"Common","M","Unlimited","Order of Chaos","ORCS-EN050"
"Galaxy Wave",3,77098449,"Common","M","Unlimited","Order of Chaos","ORCS-EN062"
"Gamushara",3,85709845,"Common","M","Unlimited","Galactic Overlord","GAOV-EN067"
"Garbage Lord",1,44682448,"Common","M","1st Edition","Cosmo Blazer","CBLZ-EN019"
"Garbage Lord",1,44682448,"Common","M","Unlimited","Cosmo Blazer","CBLZ-EN019"
"Geargiaccelerator",3,47030842,"Common","M","1st Edition","Return of the Duelist","REDU-EN028"
"Geargiagear",1,6148016,"Super Rare","M","Unlimited","Lord of the Tachyon Galaxy","LTGY-EN077"
"Geargiano",3,71786742,"Common","M","Unlimited","Generation Force","GENF-EN030"
"Geargiano Mk-II",2,1045143,"Rare","M","1st Edition","Return of the Duelist","REDU-EN027"
"Geargiarmor",1,923596,"Super Rare","M","1st Edition","Return of the Duelist","REDU-EN030"
"Gem-Elephant",3,19019586,"Common","M","Unlimited","Generation Force","GENF-EN025"
"Gem-Knight Emerald",2,69243722,"Rare","M","Unlimited","Photon Shockwave","PHSW-EN096"
"Generation Force",3,87890143,"Common","M","1st Edition","Return of the Duelist","REDU-EN063"
"Ghost Ship",2,33347467,"Rare","M","Unlimited","Generation Force","GENF-EN035"
"Gishki Beast",2,36227804,"Rare","M","Unlimited","Photon Shockwave","PHSW-EN095"
"Gishki Diviner",3,72403299,"Rare","M","Unlimited","Generation Force","GENF-EN027"
"Goblin Circus",4,18658572,"Common","M","1st Edition","Cosmo Blazer","CBLZ-EN067"
"Goblin Circus",4,18658572,"Common","M","Unlimited","Cosmo Blazer","CBLZ-EN067"
"Goblin Marauding Squad",2,34251483,"Common","M","Unlimited","Return of the Duelist","REDU-EN040"
"Goblin Pothole Squad",3,12755462,"Common","M","Unlimited","Photon Shockwave","PHSW-EN035"
"Goblindbergh",2,25259669,"Common","M","Unlimited","Generation Force","GENF-EN004"
"Gogogo Ghost",3,56105047,"Common","M","1st Edition","Cosmo Blazer","CBLZ-EN002"
"Gogogo Ghost",5,56105047,"Common","M","Unlimited","Cosmo Blazer","CBLZ-EN002"
"Gogogo Golem",3,62476815,"Common","M","Unlimited","Generation Force","GENF-EN002"
"Grandram",1,35866404,"Common","M","Unlimited","Abyss Rising","ABYR-EN005"
"Grandram",1,35866404,"Common","M","1st Edition","Abyss Rising","ABYR-EN005"
"Gravelstorm",3,48135190,"Common","M","Unlimited","Generation Force","GENF-EN080"
"Gravity Blaster",3,35220244,"Common","M","Unlimited","Abyss Rising","ABYR-EN054"
"Green Duston",3,52182715,"Common","M","Unlimited","Lord of the Tachyon Galaxy","LTGY-EN043"
"Gusto Codor",2,9897998,"Common","M","Unlimited","Generation Force","GENF-EN028"
"Hammer Shark",2,17201174,"Rare","M","Unlimited","Galactic Overlord","GAOV-EN008"
"Hazy Flame Basiltrice",1,23776077,"Rare","M","1st Edition","Cosmo Blazer","CBLZ-EN049"
"Hazy Flame Basiltrice",2,23776077,"Rare","M","Unlimited","Cosmo Blazer","CBLZ-EN049"
"Hazy Flame Cerbereus",5,38525760,"Common","M","Unlimited","Cosmo Blazer","CBLZ-EN028"
"Hazy Flame Cerbereus",1,38525760,"Common","M","1st Edition","Cosmo Blazer","CBLZ-EN028"
"Hazy Flame Griffin",3,74010769,"Common","M","1st Edition","Cosmo Blazer","CBLZ-EN029"
"Hazy Flame Griffin",1,74010769,"Common","M","Unlimited","Cosmo Blazer","CBLZ-EN029"
"Hazy Flame Mantikor",1,96051150,"Rare","M","Unlimited","Cosmo Blazer","CBLZ-EN082"
"Hazy Flame Peryton",2,37803172,"Rare","M","Unlimited","Cosmo Blazer","CBLZ-EN031"
"Hazy Flame Sphynx",2,1409474,"Common","M","1st Edition","Cosmo Blazer","CBLZ-EN030"
"Hazy Flame Sphynx",2,1409474,"Common","M","Unlimited","Cosmo Blazer","CBLZ-EN030"
"Hazy Glory",1,43708041,"Common","M","Unlimited","Cosmo Blazer","CBLZ-EN074"
"Hazy Glory",1,43708041,"Common","M","1st Edition","Cosmo Blazer","CBLZ-EN074"
"Hazy Pillar",5,83108603,"Common","M","Unlimited","Cosmo Blazer","CBLZ-EN060"
"Hazy Pillar",1,83108603,"Common","M","1st Edition","Cosmo Blazer","CBLZ-EN060"
"Heartfelt Appeal",3,32065885,"Common","M","1st Edition","Photon Shockwave","PHSW-EN063"
"Heraldic Beast Aberconway",2,60316373,"Common","M","1st Edition","Abyss Rising","ABYR-EN012"
"Heraldic Beast Aberconway",2,60316373,"Common","M","Unlimited","Abyss Rising","ABYR-EN012"
"Heraldic Beast Basilisk",2,56921677,"Common","M","Unlimited","Cosmo Blazer","CBLZ-EN013"
"Heraldic Beast Basilisk",1,56921677,"Common","M","1st Edition","Cosmo Blazer","CBLZ-EN013"
"Heraldic Beast Berners Falcon",2,96704018,"Common","M","1st Edition","Abyss Rising","ABYR-EN013"
"Heraldic Beast Berners Falcon",5,96704018,"Common","M","Unlimited","Abyss Rising","ABYR-EN013"
"Heraldic Beast Eale",2,82315772,"Common","M","1st Edition","Cosmo Blazer","CBLZ-EN014"
"Heraldic Beast Eale",4,82315772,"Common","M","Unlimited","Cosmo Blazer","CBLZ-EN014"
"Heraldic Beast Twin-Headed Eagle",1,19310321,"Rare","M","Unlimited","Cosmo Blazer","CBLZ-EN015"
"Heraldic Beast Unicorn",4,45705025,"Common","M","Unlimited","Cosmo Blazer","CBLZ-EN016"
"Heraldry Change",1,17536995,"Common","M","Unlimited","Cosmo Blazer","CBLZ-EN070"
"Heraldry Change",1,17536995,"Common","M","1st Edition","Cosmo Blazer","CBLZ-EN070"
"Heraldry Reborn",2,84220251,"Rare","M","1st Edition","Cosmo Blazer","CBLZ-EN057"
"Heraldry Reborn",1,84220251,"Rare","M","Unlimited","Cosmo Blazer","CBLZ-EN057"
"Hermit of Prophecy",3,90743290,"Common","M","1st Edition","Abyss Rising","ABYR-EN022"
"Hermit of Prophecy",1,90743290,"Common","M","Unlimited","Abyss Rising","ABYR-EN022"
"Heroic Advance",1,21924381,"Common","M","1st Edition","Abyss Rising","ABYR-EN069"
"Heroic Advance",3,21924381,"Common","M","Unlimited","Abyss Rising","ABYR-EN069"
"Heroic Challenger - Double Lance",1,89774530,"Rare","M","Unlimited","Return of the Duelist","REDU-EN008"
"Heroic Challenger - Extra Sword",1,34143852,"Common","M","1st Edition","Abyss Rising","ABYR-EN008"
"Heroic Challenger - Extra Sword",3,34143852,"Common","M","Unlimited","Abyss Rising","ABYR-EN008"
"Heroic Challenger - Night Watchman",2,61132951,"Common","M","1st Edition","Abyss Rising","ABYR-EN009"
"Heroic Challenger - Night Watchman",4,61132951,"Common","M","Unlimited","Abyss Rising","ABYR-EN009"
"Heroic Challenger - Spartan",3,50491121,"Common","M","Unlimited","Return of the Duelist","REDU-EN005"
"Heroic Challenger - Swordshield",2,52370835,"Common","M","1st Edition","Return of the Duelist","REDU-EN007"
"Heroic Challenger - War Hammer",2,26885836,"Common","M","Unlimited","Return of the Duelist","REDU-EN006"
"Heroic Champion - Gandiva",1,48009503,"Ultra Rare","M","Unlimited","Abyss Rising","ABYR-EN042"
"Heroic Chance",3,53466826,"Common","M","1st Edition","Return of the Duelist","REDU-EN053"
"Heroic Gift",2,95920682,"Common","M","Unlimited","Abyss Rising","ABYR-EN068"
"Heroic Gift",2,95920682,"Common","M","1st Edition","Abyss Rising","ABYR-EN068"
"Hieratic Dragon of Asar",3,30794966,"Rare","M","Unlimited","Galactic Overlord","GAOV-EN024"
"Hieratic Dragon of Eset",3,4022819,"Common","M","Unlimited","Galactic Overlord","GAOV-EN020"
"Hieratic Dragon of Nebthet",1,31516413,"Common","M","1st Edition","Galactic Overlord","GAOV-EN021"
"Hieratic Dragon of Nuit",3,41639001,"Common","M","Unlimited","Galactic Overlord","GAOV-EN018"
"Hieratic Dragon of Su",3,3300267,"Common","M","Unlimited","Galactic Overlord","GAOV-EN023"
"Hieratic Dragon of Sutekh",1,66789970,"Ultra Rare","M","Unlimited","Galactic Overlord","GAOV-EN025"
"Hieratic Seal of Banishment",2,11975962,"Rare","M","Unlimited","Galactic Overlord","GAOV-EN071"
"Hieratic Seal of Supremacy",3,51365514,"Common","M","Unlimited","Galactic Overlord","GAOV-EN057"
"Hieratic Seal of the Dragon King",3,64514622,"Common","M","1st Edition","Galactic Overlord","GAOV-EN082"
"Hieratic Seal of the Sun Dragon Overlord",3,13140300,"Common","M","Unlimited","Galactic Overlord","GAOV-EN002"
"High Tide on Fire Island",5,32542011,"Common","M","Unlimited","Lord of the Tachyon Galaxy","LTGY-EN078"
"House Duston",3,40343749,"Common","M","Unlimited","Abyss Rising","ABYR-EN036"
"House Duston",2,40343749,"Common","M","1st Edition","Abyss Rising","ABYR-EN036"
"Ice Beast Zerofyne",2,86848580,"Rare","M","Unlimited","Lord of the Tachyon Galaxy","LTGY-EN049"
"Icy Crevasse",3,20721759,"Common","M","Unlimited","Photon Shockwave","PHSW-EN069"
"Ignition Beast Volcannon",2,10365322,"Common","M","Unlimited","Cosmo Blazer","CBLZ-EN091"
"Impenetrable Attack",3,86778566,"Common","M","Unlimited","Return of the Duelist","REDU-EN066"
"Inari Fire",4,62953041,"Common","M","1st Edition","Cosmo Blazer","CBLZ-EN038"
"Inari Fire",5,62953041,"Common","M","Unlimited","Cosmo Blazer","CBLZ-EN038"
"Infected Mail",1,6430659,"Super Rare","M","Unlimited","Generation Force","GENF-EN051"
"Infernal Flame Vixen",1,58712976,"Rare","M","Unlimited","Cosmo Blazer","CBLZ-EN087"
"Influence Dragon",3,54936498,"Common","M","Unlimited","Galactic Overlord","GAOV-EN093"
"Interplanetarypurplythorny Dragon",3,25206027,"Common","M","Unlimited","Order of Chaos","ORCS-EN085"
"Inzektor Ant",2,95395761,"Common","M","Unlimited","Order of Chaos","ORCS-EN018"
"Inzektor Centipede",3,21790410,"Common","M","Unlimited","Order of Chaos","ORCS-EN019"
"Inzektor Crossbow - Zektarrow",2,87047074,"Rare","M","Unlimited","Galactic Overlord","GAOV-EN061"
"Inzektor Dragonfly",1,68184115,"Rare","M","Unlimited","Order of Chaos","ORCS-EN020"
"Inzektor Earwig",3,38450736,"Common","M","Unlimited","Galactic Overlord","GAOV-EN030"
"Inzektor Firefly",3,66066482,"Common","M","Unlimited","Galactic Overlord","GAOV-EN028"
"Inzektor Gauntlet",3,259314,"Common","M","Unlimited","Galactic Overlord","GAOV-EN074"
"Inzektor Giga-Weevil",2,21977828,"Common","M","Unlimited","Order of Chaos","ORCS-EN022"
"Inzektor Hopper",3,52601736,"Rare","M","Unlimited","Order of Chaos","ORCS-EN081"
"Inzektor Ladybug",3,2461031,"Common","M","Unlimited","Galactic Overlord","GAOV-EN029"
"Inzektor Orb",1,38643567,"Rare","M","1st Edition","Order of Chaos","ORCS-EN070"
"Jewels of the Valiant",5,72710085,"Common","M","Unlimited","Lord of the Tachyon Galaxy","LTGY-EN067"
"Junk Defender",2,68120130,"Rare","M","1st Edition","Photon Shockwave","PHSW-EN097"
"Jurrac Impact",2,5479217,"Common","M","Unlimited","Cosmo Blazer","CBLZ-EN079"
"Jurrac Impact",2,5479217,"Common","M","1st Edition","Cosmo Blazer","CBLZ-EN079"
"Justice of Prophecy",1,26732909,"Rare","M","Unlimited","Abyss Rising","ABYR-EN023"
"Kagetokage",1,94656263,"Rare","M","Unlimited","Photon Shockwave","PHSW-EN005"
"King of the Feral Imps",4,11398059,"Common","M","Unlimited","Lord of the Tachyon Galaxy","LTGY-EN056"
"Koalo-Koala",3,7243511,"Common","M","Unlimited","Order of Chaos","ORCS-EN094"
"Kurivolt",3,40817915,"Common","M","Unlimited","Order of Chaos","ORCS-EN001"
"Lady of D.",3,67511500,"Common","M","Unlimited","Galactic Overlord","GAOV-EN036"
"Laval Dual Slasher",3,31632536,"Common","M","Unlimited","Photon Shockwave","PHSW-EN092"
"Laval Lancelord",1,123709,"Common","M","Unlimited","Photon Shockwave","PHSW-EN094"
"Laval Magma Cannoneer",3,46404281,"Common","M","Unlimited","Generation Force","GENF-EN026"
"Legendary Atlantean Tridon",1,28754338,"Common","M","Unlimited","Lord of the Tachyon Galaxy","LTGY-EN033"
"Legendary Wind-Up Key",2,69320362,"Common","M","Unlimited","Generation Force","GENF-EN053"
"Lemuria, the Forgotten City",5,34103656,"Common","M","Unlimited","Abyss Rising","ABYR-EN057"
"Leotaur",3,98225108,"Common","M","Unlimited","Cosmo Blazer","CBLZ-EN042"
"Lightning, Dragon Ruler of Drafts",4,89185742,"Common","M","Unlimited","Lord of the Tachyon Galaxy","LTGY-EN098"
"Lightray Daedalus",3,38737148,"Common","M","Unlimited","Galactic Overlord","GAOV-EN033"
"Lightray Diabolos",1,30126992,"Rare","M","Unlimited","Galactic Overlord","GAOV-EN035"
"Lightray Gearfried",3,4722253,"Rare","M","Unlimited","Galactic Overlord","GAOV-EN034"
"Lightray Grepher",2,27407330,"Rare","M","1st Edition","Galactic Overlord","GAOV-EN084"
"Lightray Madoor",3,82579942,"Common","M","Unlimited","Return of the Duelist","REDU-EN082"
"Little Fairy",3,45939611,"Common","M","Unlimited","Lord of the Tachyon Galaxy","LTGY-EN006"
"Little Trooper",3,73702909,"Common","M","Unlimited","Return of the Duelist","REDU-EN032"
"Lucky Punch",3,36378044,"Common","M","1st Edition","Return of the Duelist","REDU-EN080"
"Lumenize",3,57115864,"Common","M","1st Edition","Photon Shockwave","PHSW-EN070"
"Madolche Baaple",3,49374988,"Common","M","Unlimited","Return of the Duelist","REDU-EN022"
"Madolche Butlerusk",3,48252330,"Common","M","Unlimited","Return of the Duelist","REDU-EN025"
"Madolche Chateau",2,14001430,"Common","M","Unlimited","Return of the Duelist","REDU-EN061"
"Madolche Chouxvalier",1,75363626,"Rare","M","Unlimited","Return of the Duelist","REDU-EN023"
"Madolche Cruffssant",3,89521713,"Common","M","Unlimited","Abyss Rising","ABYR-EN025"
"Madolche Lesson",3,12940613,"Common","M","Unlimited","Return of the Duelist","REDU-EN070"
"Madolche Magileine",1,11868731,"Super Rare","M","Unlimited","Return of the Duelist","REDU-EN024"
"Madolche Marmalmaide",5,26016357,"Common","M","Unlimited","Abyss Rising","ABYR-EN026"
"Madolche Messengelato",1,52404456,"Rare","M","1st Edition","Abyss Rising","ABYR-EN027"
"Madolche Messengelato",1,52404456,"Rare","M","Unlimited","Abyss Rising","ABYR-EN027"
"Madolche Mewfeuille",3,12980373,"Common","M","1st Edition","Return of the Duelist","REDU-EN021"
"Madolche Tea Break",3,75833426,"Rare","M","Unlimited","Return of the Duelist","REDU-EN072"
"Madolche Ticket",4,60470713,"Common","M","Unlimited","Abyss Rising","ABYR-EN061"
"Madolche Waltz",2,48439321,"Common","M","Unlimited","Return of the Duelist","REDU-EN071"
"Magic Deflector",4,96474800,"Common","M","Unlimited","Abyss Rising","ABYR-EN076"
"Magic Deflector",2,96474800,"Common","M","1st Edition","Abyss Rising","ABYR-EN076"
"Magnum Shield",4,84877802,"Common","M","Unlimited","Lord of the Tachyon Galaxy","LTGY-EN058"
"March of the Monarchs",2,19870120,"Common","M","Unlimited","Cosmo Blazer","CBLZ-EN064"
"Mask Change",3,21143940,"Common","M","Unlimited","Generation Force","GENF-EN097"
"Masked Ninja Ebisu",3,22512406,"Common","M","Unlimited","Order of Chaos","ORCS-EN030"
"Master of the Flaming Dragonswords",3,34160055,"Common","M","Unlimited","Generation Force","GENF-EN032"
"Mecha Phantom Beast Blackfalcon",5,4417407,"Common","M","Unlimited","Lord of the Tachyon Galaxy","LTGY-EN023"
"Mecha Phantom Beast Stealthray",1,30811116,"Common","M","1st Edition","Lord of the Tachyon Galaxy","LTGY-EN024"
"Mecha Phantom Beast Stealthray",2,30811116,"Common","M","Unlimited","Lord of the Tachyon Galaxy","LTGY-EN024"
"Mecha Sea Dragon Plesion",1,40160226,"Common","M","Unlimited","Abyss Rising","ABYR-EN033"
"Memory Loss",2,71098407,"Common","M","Unlimited","Lord of the Tachyon Galaxy","LTGY-EN070"
"Memory of an Adversary",1,60080151,"Super Rare","M","1st Edition","Abyss Rising","ABYR-EN075"
"Mermail Abyssdine",1,74298287,"Super Rare","M","1st Edition","Cosmo Blazer","CBLZ-EN032"
"Mermail Abyssgaios",1,74371660,"Ultra Rare","M","Unlimited","Abyss Rising","ABYR-EN046"
"Mermail Abyssgunde",3,69293721,"Rare","M","Unlimited","Abyss Rising","ABYR-EN015"
"Mermail Abysshilde",3,96682430,"Common","M","Unlimited","Abyss Rising","ABYR-EN016"
"Mermail Abysslung",2,95466842,"Common","M","Unlimited","Abyss Rising","ABYR-EN019"
"Mermail Abysslung",1,95466842,"Common","M","1st Edition","Abyss Rising","ABYR-EN019"
"Mermail Abyssnose",4,282886,"Common","M","Unlimited","Cosmo Blazer","CBLZ-EN033"
"Mermail Abyssnose",2,282886,"Common","M","1st Edition","Cosmo Blazer","CBLZ-EN033"
"Mermail Abyssocea",2,28577986,"Common","M","Unlimited","Lord of the Tachyon Galaxy","LTGY-EN030"
"Mermail Abysstrite",1,59170782,"Super Rare","M","1st Edition","Cosmo Blazer","CBLZ-EN050"
"Mermail Abysstrite",1,59170782,"Super Rare","M","Unlimited","Cosmo Blazer","CBLZ-EN050"
"Mermail Abyssturge",2,22076135,"Rare","M","Unlimited","Abyss Rising","ABYR-EN017"
"Metallizing Parasite - Soltite",1,87564935,"Common","M","Unlimited","Abyss Rising","ABYR-EN034"
"Milla the Temporal Magician",3,33225925,"Common","M","Unlimited","Generation Force","GENF-EN038"
"Mimimic",2,45651298,"Common","M","Unlimited","Lord of the Tachyon Galaxy","LTGY-EN003"
"Mimimic",1,45651298,"Common","M","1st Edition","Lord of the Tachyon Galaxy","LTGY-EN003"
"Mind Drain",8,68937720,"Common","M","Unlimited","Lord of the Tachyon Galaxy","LTGY-EN079"
"Mind Pollutant",3,69257165,"Rare","M","Unlimited","Abyss Rising","ABYR-EN064"
"Mirror Mail",3,67232306,"Common","M","Unlimited","Photon Shockwave","PHSW-EN067"
"Missing Force",3,12836042,"Common","M","Unlimited","Abyss Rising","ABYR-EN038"
"Mogmole",2,9861795,"Common","M","1st Edition","Abyss Rising","ABYR-EN004"
"Mogmole",2,9861795,"Common","M","Unlimited","Abyss Rising","ABYR-EN004"
"Monster Slots",3,9576193,"Common","M","Unlimited","Photon Shockwave","PHSW-EN047"
"Moonlit Papillon",3,16366944,"Common","M","Unlimited","Galactic Overlord","GAOV-EN014"
"Morpho Butterspy",3,43573231,"Common","M","Unlimited","Galactic Overlord","GAOV-EN012"
"Naturia Marron",2,24694698,"Common","M","Unlimited","Photon Shockwave","PHSW-EN029"
"Needle Sunfish",1,56223084,"Common","M","1st Edition","Photon Shockwave","PHSW-EN010"
"Nimble Angler",3,88686573,"Common","M","Unlimited","Abyss Rising","ABYR-EN031"
"Nimble Angler",1,88686573,"Common","M","1st Edition","Abyss Rising","ABYR-EN031"
"Nimble Manta",3,46384403,"Common","M","Unlimited","Galactic Overlord","GAOV-EN097"
"Ninjitsu Art of Duplication",2,50766506,"Rare","M","Unlimited","Order of Chaos","ORCS-EN089"
"Ninjitsu Art of Shadow Sealing",3,13629812,"Common","M","Unlimited","Return of the Duelist","REDU-EN089"
"Nitwit Outwit",3,49204190,"Common","M","Unlimited","Galactic Overlord","GAOV-EN066"
"Noble Arms - Arfeudutyr",2,83438826,"Rare","M","1st Edition","Abyss Rising","ABYR-EN086"
"Noble Arms - Arfeudutyr",1,83438826,"Rare","M","Unlimited","Abyss Rising","ABYR-EN086"
"Noble Arms - Gallatin",1,14745409,"Common","M","Unlimited","Return of the Duelist","REDU-EN086"
"Nomadic Force",3,92887027,"Common","M","Unlimited","Galactic Overlord","GAOV-EN040"
"Number 34: Terror-Byte",2,32003338,"Ultra Rare","M","Unlimited","Generation Force","GENF-EN041"
"Number 69: Heraldry Crest",2,2407234,"Rare","M","Unlimited","Lord of the Tachyon Galaxy","LTGY-EN092"
"Number 8: Heraldic King Genom-Heritage",1,47387961,"Super Rare","M","Unlimited","Abyss Rising","ABYR-EN045"
"Number C105: Battlin' Boxer Comet Cestus",1,85121942,"Ultra Rare","M","Unlimited","Lord of the Tachyon Galaxy","LTGY-EN052"
"Number C32: Shark Drake Veiss",2,49221191,"Ghost Rare","M","Unlimited","Abyss Rising","ABYR-EN039"
"Number C39: Utopia Ray",1,56840427,"Ultra Rare","M","Unlimited","Order of Chaos","ORCS-EN040"
"Numen erat Testudo",3,83061014,"Common","M","1st Edition","Order of Chaos","ORCS-EN038"
"Oh F!sh!",1,87313164,"Rare","M","Unlimited","Generation Force","GENF-EN069"
"One Day of Peace",3,33782437,"Common","M","Unlimited","Photon Shockwave","PHSW-EN060"
"One-Shot Wand",3,36042825,"Common","M","Unlimited","Abyss Rising","ABYR-EN051"
"One-Shot Wand",2,36042825,"Common","M","1st Edition","Abyss Rising","ABYR-EN051"
"Oni-Gami Combo",3,90470931,"Common","M","Unlimited","Generation Force","GENF-EN060"
"Overlay Eater",3,81816475,"Common","M","Unlimited","Galactic Overlord","GAOV-EN007"
"Overlay Owl",3,59644958,"Common","M","Unlimited","Galactic Overlord","GAOV-EN003"
"Overlay Regen",3,27068117,"Common","M","Unlimited","Return of the Duelist","REDU-EN052"
"Overwind",3,24920410,"Common","M","Unlimited","Generation Force","GENF-EN067"
"Pahunder",2,84530620,"Rare","M","Unlimited","Return of the Duelist","REDU-EN095"
"Panther Shark",3,70101178,"Common","M","Unlimited","Lord of the Tachyon Galaxy","LTGY-EN010"
"Papa-Corn",1,73776643,"Rare","M","Unlimited","Abyss Rising","ABYR-EN097"
"Parsec, the Interstellar Dragon",4,32872833,"Common","M","Unlimited","Lord of the Tachyon Galaxy","LTGY-EN015"
"Past Image",2,50292967,"Common","M","Unlimited","Generation Force","GENF-EN071"
"Peeking Goblin",3,52263685,"Common","M","Unlimited","Generation Force","GENF-EN062"
"Perditious Puppeteer",3,71564150,"Common","M","Unlimited","Generation Force","GENF-EN033"
"Phantom Bounzer",2,17189532,"Common","M","Unlimited","Galactic Overlord","GAOV-EN011"
"Phantom Magician",3,24103628,"Common","M","Unlimited","Generation Force","GENF-EN092"
"Photon Caesar",3,13492423,"Common","M","Unlimited","Return of the Duelist","REDU-EN004"
"Photon Circle",3,64145892,"Common","M","1st Edition","Order of Chaos","ORCS-EN011"
"Photon Crusher",3,1362589,"Common","M","Unlimited","Order of Chaos","ORCS-EN009"
"Photon Lead",3,35848254,"Common","M","Unlimited","Photon Shockwave","PHSW-EN051"
"Photon Leo",2,38757297,"Common","M","Unlimited","Order of Chaos","ORCS-EN010"
"Photon Thrasher",1,65367484,"Rare","M","Unlimited","Order of Chaos","ORCS-EN008"
"Photon Trident",2,51589188,"Common","M","Unlimited","Order of Chaos","ORCS-EN087"
"Pinecono",1,67445676,"Common","M","1st Edition","Photon Shockwave","PHSW-EN007"
"Planet Pathfinder",3,97526666,"Common","M","Unlimited","Abyss Rising","ABYR-EN010"
"Plasma Ball",3,92595545,"Common","M","1st Edition","Photon Shockwave","PHSW-EN014"
"Poisonous Winds",2,95561280,"Common","M","Unlimited","Photon Shockwave","PHSW-EN062"
"Poki Draco",2,8175346,"Common","M","Unlimited","Generation Force","GENF-EN031"
"Primordial Soup",3,78933589,"Common","M","Unlimited","Order of Chaos","ORCS-EN056"
"Prior of the Ice Barrier",3,50088247,"Common","M","1st Edition","Photon Shockwave","PHSW-EN030"
"Puny Penguin",2,76442347,"Common","M","Unlimited","Abyss Rising","ABYR-EN037"
"Puny Penguin",1,76442347,"Common","M","1st Edition","Abyss Rising","ABYR-EN037"
"Pyrotech Mech - Shiryu",2,61231400,"Common","M","Unlimited","Cosmo Blazer","CBLZ-EN041"
"Pyrotech Mech - Shiryu",2,61231400,"Common","M","1st Edition","Cosmo Blazer","CBLZ-EN041"
"Quick Booster",2,45869829,"Ultra Rare","M","Unlimited","Cosmo Blazer","CBLZ-EN065"
"Rabidragon",1,95788410,"Common","M","Unlimited","Photon Shockwave","PHSW-EN002"
"Radius, the Half-Moon Dragon",5,6483224,"Common","M","Unlimited","Lord of the Tachyon Galaxy","LTGY-EN014"
"Radius, the Half-Moon Dragon",1,6483224,"Common","M","1st Edition","Lord of the Tachyon Galaxy","LTGY-EN014"
"Rage of the Deep Sea",3,73778008,"Common","M","Unlimited","Abyss Rising","ABYR-EN091"
"Rage of the Deep Sea",1,73778008,"Common","M","1st Edition","Abyss Rising","ABYR-EN091"
"Rai Rider",1,31173519,"Common","M","Unlimited","Photon Shockwave","PHSW-EN003"
"Reactan, Dragon Ruler of Pebbles",2,91020571,"Common","M","Unlimited","Lord of the Tachyon Galaxy","LTGY-EN095"
"Reactan, Dragon Ruler of Pebbles",1,91020571,"Common","M","1st Edition","Lord of the Tachyon Galaxy","LTGY-EN095"
"Rebound",1,983995,"Super Rare","M","Unlimited","Return of the Duelist","REDU-EN079"
"Red Duston",4,61019812,"Common","M","Unlimited","Cosmo Blazer","CBLZ-EN044"
"Red-Headed Oni",3,30494314,"Common","M","Unlimited","Galactic Overlord","GAOV-EN038"
"Redox, Dragon Ruler of Boulders",2,90411554,"Rare","M","Unlimited","Lord of the Tachyon Galaxy","LTGY-EN038"
"Return",3,47247413,"Common","M","Unlimited","Galactic Overlord","GAOV-EN075"
"Reverse Buster",3,90640901,"Rare","M","Unlimited","Order of Chaos","ORCS-EN012"
"Risebell the Star Adjuster",3,25788011,"Common","M","Unlimited","Lord of the Tachyon Galaxy","LTGY-EN042"
"Rocket Arrow Express",1,79850798,"Rare","M","Unlimited","Galactic Overlord","GAOV-EN016"
"Rodenut",3,13478040,"Common","M","1st Edition","Photon Shockwave","PHSW-EN032"
"Royal Prison",2,26586849,"Rare","M","1st Edition","Order of Chaos","ORCS-EN079"
"Saambell the Summoner",1,45282603,"Common","M","Unlimited","Generation Force","GENF-EN029"
"Sea Lancer",3,22842214,"Rare","M","Unlimited","Generation Force","GENF-EN081"
"Sealing Ceremony of Katon",3,52971944,"Common","M","Unlimited","Order of Chaos","ORCS-EN080"
"Sealing Ceremony of Raiton",3,42425831,"Common","M","Unlimited","Galactic Overlord","GAOV-EN078"
"Sealing Ceremony of Suiton",3,81443745,"Common","M","Unlimited","Photon Shockwave","PHSW-EN080"
"Senior Silver Ninja",1,87483942,"Common","M","1st Edition","Photon Shockwave","PHSW-EN031"
"Sergeant Electro",1,43359262,"Ultra Rare","M","Unlimited","Photon Shockwave","PHSW-EN090"
"Shark Fortress",1,50449881,"Common","M","Unlimited","Lord of the Tachyon Galaxy","LTGY-EN048"
"Shark Stickers",3,20838380,"Common","M","Unlimited","Photon Shockwave","PHSW-EN009"
"Sharkraken",5,71923655,"Common","M","Unlimited","Lord of the Tachyon Galaxy","LTGY-EN007"
"Shocktopus",3,2584136,"Common","M","Unlimited","Order of Chaos","ORCS-EN006"
"Shore Knight",2,14771222,"Rare","M","Unlimited","Abyss Rising","ABYR-EN032"
"Shore Knight",2,14771222,"Rare","M","1st Edition","Abyss Rising","ABYR-EN032"
"Shrine of Mist Valley",1,4215636,"Rare","M","Unlimited","Order of Chaos","ORCS-EN060"
"Sishunder",2,57019473,"Rare","M","Unlimited","Return of the Duelist","REDU-EN097"
"Skull Kraken",3,98649372,"Common","M","Unlimited","Generation Force","GENF-EN006"
"Skystarray",1,47349310,"Rare","M","Unlimited","Generation Force","GENF-EN020"
"Slacker Magician",1,58058134,"Rare","M","1st Edition","Cosmo Blazer","CBLZ-EN053"
"Slushy",1,84650463,"Rare","M","Unlimited","Abyss Rising","ABYR-EN083"
"Snow Dragon",1,3070049,"Common","M","1st Edition","Abyss Rising","ABYR-EN094"
"Snow Dragon",3,3070049,"Common","M","Unlimited","Abyss Rising","ABYR-EN094"
"Snowdust Dragon",4,67675300,"Common","M","Unlimited","Abyss Rising","ABYR-EN093"
"Snowdust Dragon",1,67675300,"Common","M","1st Edition","Abyss Rising","ABYR-EN093"
"Snowman Creator",2,15893860,"Common","M","Unlimited","Abyss Rising","ABYR-EN029"
"Solar Wind Jammer",1,33911264,"Common","M","Unlimited","Abyss Rising","ABYR-EN011"
"Sonic Warrior",3,17932494,"Common","M","Unlimited","Lord of the Tachyon Galaxy","LTGY-EN090"
"Soul Drain",3,73599290,"Rare","M","Unlimited","Return of the Duelist","REDU-EN078"
"Soul of Silvermountain",1,91895091,"Super Rare","M","Unlimited","Return of the Duelist","REDU-EN048"
"Sound the Retreat!",3,81665333,"Common","M","1st Edition","Photon Shockwave","PHSW-EN077"
"Space Cyclone",3,69176131,"Common","M","Unlimited","Photon Shockwave","PHSW-EN061"
"Spear Shark",2,70655556,"Common","M","Unlimited","Cosmo Blazer","CBLZ-EN009"
"Spearfish Soldier",3,84569017,"Common","M","Unlimited","Generation Force","GENF-EN018"
"Spell Wall",2,84117021,"Common","M","Unlimited","Cosmo Blazer","CBLZ-EN088"
"Spellbook Library of the Crescent",1,40230018,"Rare","M","Unlimited","Return of the Duelist","REDU-EN087"
"Spellbook of Eternity",1,61592395,"Rare","M","Unlimited","Abyss Rising","ABYR-EN058"
"Spellbook of Life",1,52628687,"Super Rare","M","Unlimited","Return of the Duelist","REDU-EN059"
"Spellbook of Miracles",2,43841694,"Common","M","Unlimited","Lord of the Tachyon Galaxy","LTGY-EN088"
"Spellbook of Power",3,25123082,"Common","M","Unlimited","Return of the Duelist","REDU-EN058"
"Spellbook of Secrets",1,89739383,"Ultra Rare","M","Unlimited","Return of the Duelist","REDU-EN057"
"Spellbook of the Master",1,56981417,"Secret Rare","M","1st Edition","Cosmo Blazer","CBLZ-EN062"
"Spellbook of Wisdom",1,88616795,"Rare","M","Unlimited","Return of the Duelist","REDU-EN060"
"Spikeshield with Chain",1,6691855,"Common","M","Unlimited","Cosmo Blazer","CBLZ-EN076"
"Splash Capture",1,39765115,"Common","M","Unlimited","Order of Chaos","ORCS-EN067"
"Star Changer",2,63485233,"Rare","M","Unlimited","Generation Force","GENF-EN059"
"Star Drawing",2,24610207,"Common","M","1st Edition","Cosmo Blazer","CBLZ-EN043"
"Star Light, Star Bright",3,43661068,"Common","M","Unlimited","Order of Chaos","ORCS-EN052"
"Starfish",6,44717069,"Common","M","Unlimited","Lord of the Tachyon Galaxy","LTGY-EN009"
"Starfish",1,44717069,"Common","M","1st Edition","Lord of the Tachyon Galaxy","LTGY-EN009"
"Stinging Swordsman",3,68167124,"Common","M","Unlimited","Photon Shockwave","PHSW-EN004"
"Stoic of Prophecy",2,54359696,"Common","M","1st Edition","Abyss Rising","ABYR-EN021"
"Stoic of Prophecy",2,54359696,"Common","M","Unlimited","Abyss Rising","ABYR-EN021"
"Stonehenge Methods",2,86555018,"Common","M","Unlimited","Return of the Duelist","REDU-EN069"
"Storm",3,13210191,"Common","M","Unlimited","Galactic Overlord","GAOV-EN065"
"Stream, Dragon Ruler of Droplets",6,27415516,"Common","M","Unlimited","Lord of the Tachyon Galaxy","LTGY-EN096"
"Strength of Prophecy",2,13002461,"Common","M","Unlimited","Return of the Duelist","REDU-EN018"
"Summon Breaker",3,18114794,"Common","M","Unlimited","Lord of the Tachyon Galaxy","LTGY-EN068"
"Super Crashbug",1,86804246,"Super Rare","M","Unlimited","Generation Force","GENF-EN012"
"Swallowtail Butterspy",3,79972330,"Common","M","Unlimited","Galactic Overlord","GAOV-EN013"
"Sweet Corn",2,74983881,"Common","M","Unlimited","Order of Chaos","ORCS-EN092"
"Tatakawa Knight",4,18444902,"Common","M","Unlimited","Lord of the Tachyon Galaxy","LTGY-EN005"
"Tempest, Dragon Ruler of Storms",2,89399912,"Rare","M","Unlimited","Lord of the Tachyon Galaxy","LTGY-EN041"
"That Wacky Magic!",2,50427388,"Common","M","Unlimited","Galactic Overlord","GAOV-EN063"
"The Big Cattle Drive",1,82386016,"Common","M","Unlimited","Cosmo Blazer","CBLZ-EN063"
"The Great Emperor Penguin",2,6836211,"Common","M","Unlimited","Generation Force","GENF-EN037"
"The Huge Revolution is Over",2,99188141,"Common","M","Unlimited","Order of Chaos","ORCS-EN078"
"The Humble Sentry",3,95642274,"Common","M","Unlimited","Abyss Rising","ABYR-EN065"
"The Humble Sentry",1,95642274,"Common","M","1st Edition","Abyss Rising","ABYR-EN065"
"Three of a Kind",3,47594192,"Common","M","Unlimited","Return of the Duelist","REDU-EN077"
"Three Thousand Needles",3,7852878,"Common","M","Unlimited","Return of the Duelist","REDU-EN039"
"Thunder Short",3,20264508,"Common","M","Unlimited","Generation Force","GENF-EN047"
"Tidal, Dragon Ruler of Waterfalls",2,26400609,"Rare","M","Unlimited","Lord of the Tachyon Galaxy","LTGY-EN039"
"Trance Archfiend",1,94283662,"Common","M","Unlimited","Order of Chaos","ORCS-EN035"
"Trance the Magic Swordsman",3,14214060,"Common","M","Unlimited","Return of the Duelist","REDU-EN001"
"Treaty on Uniform Nomenclature",3,13685271,"Common","M","Unlimited","Generation Force","GENF-EN073"
"Tri-Wight",3,96383838,"Common","M","Unlimited","Photon Shockwave","PHSW-EN059"
"Tribe-Shocking Virus",3,86361354,"Rare","M","Unlimited","Photon Shockwave","PHSW-EN034"
"Trifortressops",1,12275533,"Rare","M","Unlimited","Lord of the Tachyon Galaxy","LTGY-EN084"
"Tripod Fish",5,61254509,"Common","M","Unlimited","Abyss Rising","ABYR-EN006"
"Tripod Fish",1,61254509,"Common","M","1st Edition","Abyss Rising","ABYR-EN006"
"Turnabout",3,74611888,"Common","M","Unlimited","Return of the Duelist","REDU-EN075"
"Twin Photon Lizard",1,29455728,"Ultra Rare","M","Unlimited","Order of Chaos","ORCS-EN039"
"Tyrant's Throes",1,55271628,"Rare","M","Unlimited","Photon Shockwave","PHSW-EN076"
"Tyrant's Tummyache",3,48357738,"Common","M","Unlimited","Generation Force","GENF-EN077"
"Ultimate Fire Formation - Seito",1,6713443,"Rare","M","1st Edition","Cosmo Blazer","CBLZ-EN073"
"Underworld Egg Clutch",3,51324455,"Common","M","Unlimited","Generation Force","GENF-EN068"
"Unification",4,95352218,"Common","M","Unlimited","Abyss Rising","ABYR-EN079"
"Uniflora, Mystical Beast of the Forest",3,36318200,"Common","M","Unlimited","Return of the Duelist","REDU-EN031"
"United Front",2,86474024,"Rare","M","Unlimited","Generation Force","GENF-EN075"
"Upstart Golden Ninja",3,58911105,"Common","M","Unlimited","Order of Chaos","ORCS-EN031"
"Utopian Aura",3,59070329,"Common","M","Unlimited","Generation Force","GENF-EN074"
"Valkyrian Knight",1,99348756,"Super Rare","M","Unlimited","Cosmo Blazer","CBLZ-EN039"
"Vampiric Koala",3,1371589,"Common","M","1st Edition","Order of Chaos","ORCS-EN093"
"Variable Form",3,64038662,"Common","M","Unlimited","Order of Chaos","ORCS-EN071"
"Void Trap Hole",1,1005587,"Super Rare","M","Unlimited","Return of the Duelist","REDU-EN076"
"Vylon Filament",3,90592429,"Common","M","Unlimited","Generation Force","GENF-EN057"
"Vylon Ohm",3,5237827,"Common","M","1st Edition","Photon Shockwave","PHSW-EN091"
"Wattaildragon",3,87151205,"Common","M","Unlimited","Galactic Overlord","GAOV-EN001"
"Wattcancel",3,56993276,"Common","M","1st Edition","Photon Shockwave","PHSW-EN073"
"Wattcobra",2,88205593,"Common","M","Unlimited","Photon Shockwave","PHSW-EN028"
"Weights & Zenmaisures",1,42548470,"Rare","M","Unlimited","Order of Chaos","ORCS-EN055"
"Wheel of Prophecy",2,65961085,"Rare","M","Unlimited","Lord of the Tachyon Galaxy","LTGY-EN031"
"Where Arf Thou?",3,51405049,"Common","M","Unlimited","Return of the Duelist","REDU-EN062"
"Wind-Up Bat",3,42328171,"Common","M","Unlimited","Photon Shockwave","PHSW-EN025"
"Wind-Up Dog",3,12076263,"Common","M","Unlimited","Generation Force","GENF-EN016"
"Wind-Up Honeybee",3,93451636,"Common","M","Unlimited","Order of Chaos","ORCS-EN024"
"Wind-Up Knight",1,80538728,"Rare","M","1st Edition","Photon Shockwave","PHSW-EN023"
"Wind-Up Magician",2,59297550,"Rare","M","Unlimited","Generation Force","GENF-EN014"
"Wind-Up Rabbit",1,42874792,"Secret Rare","M","Unlimited","Photon Shockwave","PHSW-EN083"
"Wind-Up Snail",2,58475908,"Rare","M","Unlimited","Generation Force","GENF-EN017"
"Wind-Up Soldier",2,12299841,"Common","M","Unlimited","Generation Force","GENF-EN013"
"Wind-Up Warrior",3,53540729,"Common","M","Unlimited","Photon Shockwave","PHSW-EN022"
"Xyz Block",5,44487250,"Common","M","Unlimited","Lord of the Tachyon Galaxy","LTGY-EN072"
"Xyz Burst",3,30600344,"Common","M","Unlimited","Order of Chaos","ORCS-EN061"
"Xyz Dimension Splash",3,71541986,"Common","M","1st Edition","Cosmo Blazer","CBLZ-EN069"
"Xyz Dimension Splash",1,71541986,"Common","M","Unlimited","Cosmo Blazer","CBLZ-EN069"
"Xyz Double Back",3,57836546,"Common","M","Unlimited","Cosmo Blazer","CBLZ-EN056"
"Xyz Remora",1,43138260,"Common","M","1st Edition","Cosmo Blazer","CBLZ-EN011"
"Xyz Remora",2,43138260,"Common","M","Unlimited","Cosmo Blazer","CBLZ-EN011"
"Xyz Revenge",2,10275411,"Rare","M","Unlimited","Lord of the Tachyon Galaxy","LTGY-EN059"
"Xyz Soul",3,11228035,"Common","M","Unlimited","Return of the Duelist","REDU-EN073"
"Xyz Territory",1,4545854,"Rare","M","1st Edition","Photon Shockwave","PHSW-EN088"
"Xyz Tribalrivals",4,32086564,"Common","M","Unlimited","Cosmo Blazer","CBLZ-EN077"
"Xyz Tribalrivals",1,32086564,"Common","M","1st Edition","Cosmo Blazer","CBLZ-EN077"
"Xyz Wrath",3,99064191,"Common","M","Unlimited","Galactic Overlord","GAOV-EN089"
"Xyz Xtreme !!",2,57319935,"Common","M","Unlimited","Abyss Rising","ABYR-EN070"
"Xyz Xtreme !!",1,57319935,"Common","M","1st Edition","Abyss Rising","ABYR-EN070"
"Zenmailfunction",3,61011311,"Common","M","Unlimited","Photon Shockwave","PHSW-EN055"
"Zerozerock",1,85446833,"Common","M","1st Edition","Cosmo Blazer","CBLZ-EN054"
"Zerozerock",2,85446833,"Common","M","Unlimited","Cosmo Blazer","CBLZ-EN054"
"ZW - Lightning Blade",1,45082499,"Rare","M","Unlimited","Cosmo Blazer","CBLZ-EN005"
"ZW - Lightning Blade",1,45082499,"Rare","M","1st Edition","Cosmo Blazer","CBLZ-EN005"
"ZW - Ultimate Shield",5,18865703,"Common","M","Unlimited","Cosmo Blazer","CBLZ-EN007"
"ZW - Ultimate Shield",2,18865703,"Common","M","1st Edition","Cosmo Blazer","CBLZ-EN007"